species;plotID;135;142;150;157;164;169;176;183;189
Achillea millefolium;EB 1-7-4;;;;;;;;;
Agrostis capillaris;EB 1-7-4;;;;;;;;;
Agrostis gigantea;EB 1-7-4;;;;;;;;;
Agrostis stolonifera;EB 1-7-4;;;;;;;;;
Ajuga reptans;EB 1-7-4;;;;;;;;;
Alchemilla monticula;EB 1-7-4;;;;;;;;;
Alchemilla vulgaris;EB 1-7-4;;;;;;;;;
Alopecurus pratensis;EB 1-7-4;;;;;;;;;
Anthoxanthum odoratum;EB 1-7-4;;;;3;9;11;11;;
Arabidopsis thaliana;EB 1-7-4;;;;;;;;;
Arrhenatherum elatius;EB 1-7-4;;;;;;;;;
Bellis perennis;EB 1-7-4;;;;;;;;;
Bistorta officianilis;EB 1-7-4;;;;;;;;;
Briza media;EB 1-7-4;;;;;;;;;
Cardamine amara;EB 1-7-4;;;;;;;;;
Cardamine hirsuta;EB 1-7-4;;;;;;;;;
Carex humilis;EB 1-7-4;;;;;;;;;
Carex montana;EB 1-7-4;;;;;;;;;
Carex spicata cf;EB 1-7-4;;;;;;;;;
Carex sylvatica;EB 1-7-4;;;;;;;;;
Carum carvi;EB 1-7-4;;;;;;;;;
Centaurea jacea;EB 1-7-4;;;;;;;;;
Cerastium holosteoides;EB 1-7-4;;;;;;;;;
Chaerophyllum temulum;EB 1-7-4;;;;;1;1;2;;
Crepis aurea;EB 1-7-4;;;;;;;;;
Crepis biennis;EB 1-7-4;;;;;;;;;
Crocus albiflorus;EB 1-7-4;;;;;;;;;
Cynosurus cristatus;EB 1-7-4;;;;;;;;;
Dactylis glomerata;EB 1-7-4;;;;;;;;;
Daucus carota;EB 1-7-4;;;;;;;;;
Deschampsia flexuosa;EB 1-7-4;;;;;;;;;
Draba verna;EB 1-7-4;;;;;;;;;
Elymus caninus;EB 1-7-4;;;;;;;;;
Elymus repens;EB 1-7-4;;;;;;;;;
Equisetum arvense;EB 1-7-4;;;;;;;;;
Euphrasia stricta;EB 1-7-4;;;;;;;;;
Festuca pratensis;EB 1-7-4;;;;;;;;8;8
Festuca rubra;EB 1-7-4;;;;;;;1;;
Filipendula ulmaria;EB 1-7-4;;;;;;;;;
Galium album;EB 1-7-4;;;;;;;;;
Geranium rotundifolium;EB 1-7-4;;;;;;;;;
Geum rivale;EB 1-7-4;;;;;;;;;
Geum urbanum;EB 1-7-4;;;;;;;;;
Glechoma hederacea;EB 1-7-4;;;;;;;;;
Helictotrichon pubescens;EB 1-7-4;;;;;;;;;
Heracleum sphondylium;EB 1-7-4;;;;;;;;;
Hieracium aurantiacum;EB 1-7-4;;;;;;;;;
Hieracium Macranthum;EB 1-7-4;;;;;;;;;
Hieracium pilosella ;EB 1-7-4;;;;;;;;;
Holcus lanatus;EB 1-7-4;;;;;;;;;
Hypochaeris radicata;EB 1-7-4;;;;;;;;;
Knautia arvensis;EB 1-7-4;;;;;;;;;
Lamium purpureum;EB 1-7-4;;;;;;;;;
Lathyrus pratensis;EB 1-7-4;;;;;;;;;
Leontodon autumnalis;EB 1-7-4;;;;;;;;;
Leontodon helveticus;EB 1-7-4;;;;;;;2;;4
Leontodon hispidus;EB 1-7-4;;;;;;;;;
Leucanthemum ircutianum;EB 1-7-4;;;;;;;;;
Lolium multiflorum;EB 1-7-4;;;;;;;;;
Lolium perenne;EB 1-7-4;;;;;;;;;
Lotus corniculatus;EB 1-7-4;;;;;;;;;
Luzula campestris;EB 1-7-4;;;;;;;;;
Lychnis flos-cuculi;EB 1-7-4;;;;;;;;;
Myosotis alpestris;EB 1-7-4;;;;;3;14;10;;
Peucedanum oreoselinum;EB 1-7-4;;;;;;;;;
Phleum pratense;EB 1-7-4;;;;;;;;;
Phleum pratensis;EB 1-7-4;;;;;;;;;
Pilosella aurantiaca;EB 1-7-4;;;;;;;;;
Pilosella piloselloides;EB 1-7-4;;;;;;;;;
Pimpinella major;EB 1-7-4;;;;;;;;;
Pimpinella saxifraga;EB 1-7-4;;;;;;;;;
Plantago lanceolata;EB 1-7-4;;;;;;;;;
Poa angustifolia;EB 1-7-4;;;;;;;;;
Poa pratense;EB 1-7-4;;;;;;;;;
Poa pratensis;EB 1-7-4;;;;;;;;1;
Poa trivalis ;EB 1-7-4;;;;;;;;;
Poa trivialis;EB 1-7-4;;;;;;;;;
Primula veris;EB 1-7-4;;;;;;;;;
Prunella vulgaris;EB 1-7-4;;;;;;;;;
Ranunculus acris;EB 1-7-4;;;;;;;;;
Ranunculus bulbosus;EB 1-7-4;;;;;;;;;
Ranunculus ficaria;EB 1-7-4;;;;;;;;;
Ranunculus montanus;EB 1-7-4;;;;;;;;;
Ranunculus repens;EB 1-7-4;;;;;;;;;
Rhinanthus minor;EB 1-7-4;;;;;;;1;;
Rumex acetosa;EB 1-7-4;;;;;;;;;
Rumex sanguineus;EB 1-7-4;;;;;;;;;
Silene alba;EB 1-7-4;;;;;;;;;
Silene flos-cuculi;EB 1-7-4;;;;;;;;;
Stellaria media;EB 1-7-4;;;;;;;;;
Taraxacum officinale;EB 1-7-4;;;;;;;;;
Taraxacum sect Ruderalia;EB 1-7-4;;;;;;;;;
Thlaspi arvense;EB 1-7-4;;;;;;;;;
Tragopodon pratensis;EB 1-7-4;;;;;;;;;
Trifolium dubium;EB 1-7-4;;;;;;;;;
Trifolium incarnatum;EB 1-7-4;;;;;;;;;
Trifolium medium;EB 1-7-4;;;;;;;;;
Trifolium pratense;EB 1-7-4;;;;;;;;;
Trifolium repens;EB 1-7-4;;;;;;;;;
Trisetum flavescens;EB 1-7-4;;;;;;5;20;20;5
Trollius europaeus;EB 1-7-4;;;;;;;;;
Veronica arvensis;EB 1-7-4;;;;;;;;;
Veronica chamaedrys;EB 1-7-4;;;;;;4;1;;
Veronica filiformis;EB 1-7-4;;;;;;;;;
Veronica hederifolia;EB 1-7-4;;;;;;;;;
Veronica persica;EB 1-7-4;;;;;;;;;
Veronica polita;EB 1-7-4;;;;;;;;;
Veronica serpyllifolia;EB 1-7-4;;;;;;;;;
Vicia angustifolia;EB 1-7-4;;;;;;;;;
Vicia cracca;EB 1-7-4;;;;;;;;;
Vicia hirsuta;EB 1-7-4;;;;;;;;;
Vicia sepium;EB 1-7-4;;;;;;;;;
Vicia tetrasperma;EB 1-7-4;;;;;;;;;
Achillea millefolium;EB 1-3-3;;;;;;;;;
Agrostis capillaris;EB 1-3-3;;;;;;;;;
Agrostis gigantea;EB 1-3-3;;;;;;;;;
Agrostis stolonifera;EB 1-3-3;;;;;;;;;
Ajuga reptans;EB 1-3-3;;;;;7;3;;;
Alchemilla monticula;EB 1-3-3;;;;;;;;;
Alchemilla vulgaris;EB 1-3-3;;;;6;6;;;;
Alopecurus pratensis;EB 1-3-3;;;;;;;;;
Anthoxanthum odoratum;EB 1-3-3;;;;;3;4;10;;
Arabidopsis thaliana;EB 1-3-3;;;;;;;;;
Arrhenatherum elatius;EB 1-3-3;;;;;;;;;
Bellis perennis;EB 1-3-3;;;;;1;;;;
Bistorta officianilis;EB 1-3-3;;;;;;;;;
Briza media;EB 1-3-3;;;;;;;;;
Cardamine amara;EB 1-3-3;;;;;;;;;
Cardamine hirsuta;EB 1-3-3;;;;;;;;;
Carex humilis;EB 1-3-3;;;;;;;;;
Carex montana;EB 1-3-3;;;;;;;;;
Carex spicata cf;EB 1-3-3;;;;;;;;;
Carex sylvatica;EB 1-3-3;;;;;;;;;
Carum carvi;EB 1-3-3;;;;;;;;;
Centaurea jacea;EB 1-3-3;;;;;;;;;
Cerastium holosteoides;EB 1-3-3;;;;;;;;;
Chaerophyllum temulum;EB 1-3-3;;;;;;4;1;;
Crepis aurea;EB 1-3-3;;;;;;;;;
Crepis biennis;EB 1-3-3;;;;;;;;;
Crocus albiflorus;EB 1-3-3;;;;;;;;;
Cynosurus cristatus;EB 1-3-3;;;;;;;;;
Dactylis glomerata;EB 1-3-3;;;;;;;;;
Daucus carota;EB 1-3-3;;;;;;;;;
Deschampsia flexuosa;EB 1-3-3;;;;;;;;;
Draba verna;EB 1-3-3;;;;;;;;;
Elymus caninus;EB 1-3-3;;;;;;;;;
Elymus repens;EB 1-3-3;;;;;;;;1;3
Equisetum arvense;EB 1-3-3;;;;;;;;;
Euphrasia stricta;EB 1-3-3;;;;;;;;;
Festuca pratensis;EB 1-3-3;;;;;;;5;10;10
Festuca rubra;EB 1-3-3;;;;;;;;;
Filipendula ulmaria;EB 1-3-3;;;;;;;;;
Galium album;EB 1-3-3;;;;;;;;;
Geranium rotundifolium;EB 1-3-3;;;;;;;;;
Geum rivale;EB 1-3-3;;;;;;;;;
Geum urbanum;EB 1-3-3;;;;;;;;;
Glechoma hederacea;EB 1-3-3;;;;;;;;;
Helictotrichon pubescens;EB 1-3-3;;;;;;;;;
Heracleum sphondylium;EB 1-3-3;;;;;;;;;
Hieracium aurantiacum;EB 1-3-3;;;;;;;;;
Hieracium Macranthum;EB 1-3-3;;;;;;;;;
Hieracium pilosella ;EB 1-3-3;;;;;;;;;
Holcus lanatus;EB 1-3-3;;;;;;;;;
Hypochaeris radicata;EB 1-3-3;;;;;;;;;
Knautia arvensis;EB 1-3-3;;;;;;;;;
Lamium purpureum;EB 1-3-3;;;;;;;;;
Lathyrus pratensis;EB 1-3-3;;;;;;;;;
Leontodon autumnalis;EB 1-3-3;;;;;;;;;
Leontodon helveticus;EB 1-3-3;;;;;;;;;
Leontodon hispidus;EB 1-3-3;;;;;;;;;
Leucanthemum ircutianum;EB 1-3-3;;;;;;;;;
Lolium multiflorum;EB 1-3-3;;;;;;;;;
Lolium perenne;EB 1-3-3;;;;;;;;;
Lotus corniculatus;EB 1-3-3;;;;;;;;;
Luzula campestris;EB 1-3-3;;;;;;;;;
Lychnis flos-cuculi;EB 1-3-3;;;;;;;;;
Myosotis alpestris;EB 1-3-3;;;;;13;3;4;;
Peucedanum oreoselinum;EB 1-3-3;;;;;;;;;
Phleum pratense;EB 1-3-3;;;;;;;;;
Phleum pratensis;EB 1-3-3;;;;;;;;;
Pilosella aurantiaca;EB 1-3-3;;;;;;;;;
Pilosella piloselloides;EB 1-3-3;;;;;;;;;
Pimpinella major;EB 1-3-3;;;;;;;;;
Pimpinella saxifraga;EB 1-3-3;;;;;;;;;
Plantago lanceolata;EB 1-3-3;;;;;;;;;
Poa angustifolia;EB 1-3-3;;;;;;;;;
Poa pratense;EB 1-3-3;;;;;;;;;
Poa pratensis;EB 1-3-3;;;;;;;;;
Poa trivalis ;EB 1-3-3;;;;;;;;;
Poa trivialis;EB 1-3-3;;;;;;;;;
Primula elatior;EB 1-3-3;;4;;;;;;;
Primula veris;EB 1-3-3;;;;;;;;;
Prunella vulgaris;EB 1-3-3;;;;;;;;;
Ranunculus acris;EB 1-3-3;;;;;;;;;
Ranunculus bulbosus;EB 1-3-3;;;;;;;;;
Ranunculus ficaria;EB 1-3-3;;;;;;;;;
Ranunculus montanus;EB 1-3-3;;;;;;;;;
Ranunculus repens;EB 1-3-3;;;;;;;;;
Rhinanthus minor;EB 1-3-3;;;;;;;;;
Rumex acetosa;EB 1-3-3;;;;;;;;;
Rumex sanguineus;EB 1-3-3;;;;;;;;;
Silene alba;EB 1-3-3;;;;;;;;;
Silene flos-cuculi;EB 1-3-3;;;;;;;;;
Stellaria media;EB 1-3-3;;;;;;;;;
Taraxacum officinale;EB 1-3-3;;;;;;;;;
Taraxacum sect Ruderalia;EB 1-3-3;;;;;;;;;
Thlaspi arvense;EB 1-3-3;;;;;;;;;
Tragopodon pratensis;EB 1-3-3;;;;;;;;;
Trifolium dubium;EB 1-3-3;;;;;;;;;
Trifolium incarnatum;EB 1-3-3;;;;;;;;;
Trifolium medium;EB 1-3-3;;;;;;;;;
Trifolium pratense;EB 1-3-3;;;;;;1;1;1;1
Trifolium repens;EB 1-3-3;;;;;;;;;
Trisetum flavescens;EB 1-3-3;;;;;;8;8;12;10
Trollius europaeus;EB 1-3-3;;;;;;;;;
Veronica arvensis;EB 1-3-3;;;;;;;;;
Veronica chamaedrys;EB 1-3-3;;;;;;;;;
Veronica filiformis;EB 1-3-3;;;;;;;;;
Veronica hederifolia;EB 1-3-3;;;;;;;;;
Veronica persica;EB 1-3-3;;;;;;;;;
Veronica polita;EB 1-3-3;;;;;;;;;
Veronica serpyllifolia;EB 1-3-3;;;;;;;;;
Vicia angustifolia;EB 1-3-3;;;;;;;;;
Vicia cracca;EB 1-3-3;;;;;;;;;
Vicia hirsuta;EB 1-3-3;;;;;;;;;
Vicia sepium;EB 1-3-3;;;;;;;;;
Vicia tetrasperma;EB 1-3-3;;;;;;;;;
Achillea millefolium;EB 2-2-3;;;;;;;;;
Agrostis capillaris;EB 2-2-3;;;;;;;;;1
Agrostis gigantea;EB 2-2-3;;;;;;;;;
Agrostis stolonifera;EB 2-2-3;;;;;;;;;
Ajuga reptans;EB 2-2-3;;;;;;;;;
Alchemilla monticula;EB 2-2-3;;;;;;;;;
Alchemilla vulgaris;EB 2-2-3;;;;3;8;15;12;9;9
Alopecurus pratensis;EB 2-2-3;;;;;;;;;
Anthoxanthum odoratum;EB 2-2-3;;;;;1;1;1;;
Arabidopsis thaliana;EB 2-2-3;;;;;;;;;
Arrhenatherum elatius;EB 2-2-3;;;;;;;;;
Bellis perennis;EB 2-2-3;;;;;;;;;
Bistorta officianilis;EB 2-2-3;;;;;;;;;
Briza media;EB 2-2-3;;;;;;;;;
Cardamine amara;EB 2-2-3;;;;;;;;;
Cardamine hirsuta;EB 2-2-3;;;;;;;;;
Carex humilis;EB 2-2-3;;;;;;;;;
Carex montana;EB 2-2-3;;;;;;;;;
Carex spicata cf;EB 2-2-3;;;;;;;;;
Carex sylvatica;EB 2-2-3;;;;;;;;;
Carum carvi;EB 2-2-3;;;;;;;;;
Centaurea jacea;EB 2-2-3;;;;;;;;;
Cerastium holosteoides;EB 2-2-3;;;;;;5;3;;
Chaerophyllum temulum;EB 2-2-3;;;;;;;;;
Crepis aurea;EB 2-2-3;;;;;;;;;
Crepis biennis;EB 2-2-3;;;;;;;;;
Crocus albiflorus;EB 2-2-3;;;;;;;;;
Cynosurus cristatus;EB 2-2-3;;;;;;;;;
Dactylis glomerata;EB 2-2-3;;;;;;;;;
Daucus carota;EB 2-2-3;;;;;;;;;
Deschampsia flexuosa;EB 2-2-3;;;;;;;;;
Draba verna;EB 2-2-3;;;;;;;;;
Elymus caninus;EB 2-2-3;;;;;;;;;
Elymus repens;EB 2-2-3;;;;;;;;;
Equisetum arvense;EB 2-2-3;;;;;;;;;
Euphrasia stricta;EB 2-2-3;;;;;;;;;
Festuca pratensis;EB 2-2-3;;;;;;;2;3;1
Festuca rubra;EB 2-2-3;;;;;;2;2;3;
Filipendula ulmaria;EB 2-2-3;;;;;;;;;
Galium album;EB 2-2-3;;;;;;;;;
Geranium rotundifolium;EB 2-2-3;;;;;;;;;
Geum rivale;EB 2-2-3;;;;;;;;;
Geum urbanum;EB 2-2-3;;;;;2;3;;;
Glechoma hederacea;EB 2-2-3;;;;;;;;;
Helictotrichon pubescens;EB 2-2-3;;;;;;;;;
Heracleum sphondylium;EB 2-2-3;;;;;;;;;
Hieracium aurantiacum;EB 2-2-3;;;;;;;;;
Hieracium Macranthum;EB 2-2-3;;;;;;;;;
Hieracium pilosella ;EB 2-2-3;;;;;;;;;
Holcus lanatus;EB 2-2-3;;;;;;;;;
Hypochaeris radicata;EB 2-2-3;;;;;;;;;
Knautia arvensis;EB 2-2-3;;;;;;;;;
Lamium purpureum;EB 2-2-3;;;;;;;;;
Lathyrus pratensis;EB 2-2-3;;;;;;;;;
Leontodon autumnalis;EB 2-2-3;;;;;;;;;
Leontodon helveticus;EB 2-2-3;;;;;;;;3;3
Leontodon hispidus;EB 2-2-3;;;;;;;;;
Leucanthemum ircutianum;EB 2-2-3;;;;;;;;;
Lolium multiflorum;EB 2-2-3;;;;;;;;;
Lolium perenne;EB 2-2-3;;;;;;;;;
Lotus corniculatus;EB 2-2-3;;;;;;;;;
Luzula campestris;EB 2-2-3;;;;;;;;;
Lychnis flos-cuculi;EB 2-2-3;;;;;;;;;
Myosotis alpestris;EB 2-2-3;;;;;2;12;10;6;5
Peucedanum oreoselinum;EB 2-2-3;;;;;;;;;
Phleum pratense;EB 2-2-3;;;;;;;;;
Phleum pratensis;EB 2-2-3;;;;;;;;;3
Pilosella aurantiaca;EB 2-2-3;;;;;;;;;
Pilosella piloselloides;EB 2-2-3;;;;;;;;;
Pimpinella major;EB 2-2-3;;;;;;;;;
Pimpinella saxifraga;EB 2-2-3;;;;;;;;;
Plantago lanceolata;EB 2-2-3;;;;;;;;;
Poa angustifolia;EB 2-2-3;;;;;;;;;
Poa pratense;EB 2-2-3;;;;;;;;;
Poa pratensis;EB 2-2-3;;;;;;;;;
Poa trivalis ;EB 2-2-3;;;;;;;;;
Poa trivialis;EB 2-2-3;;;;;;;;;
Primula veris;EB 2-2-3;;;;;;;;;
Prunella vulgaris;EB 2-2-3;;;;;;;;;
Ranunculus acris;EB 2-2-3;;;;;;;;;
Ranunculus bulbosus;EB 2-2-3;;;;;;;;;
Ranunculus ficaria;EB 2-2-3;;;;;;;;;
Ranunculus montanus;EB 2-2-3;;;;;;;;;
Ranunculus repens;EB 2-2-3;;;;;;;;;
Rhinanthus minor;EB 2-2-3;;;;;;;3;;
Rumex acetosa;EB 2-2-3;;;;;;;;;
Rumex sanguineus;EB 2-2-3;;;;;;;;;
Silene alba;EB 2-2-3;;;;;;;;;
Silene flos-cuculi;EB 2-2-3;;;;;;;;;
Stellaria media;EB 2-2-3;;;;;;;;;
Taraxacum officinale;EB 2-2-3;;;;;;;;;
Taraxacum sect Ruderalia;EB 2-2-3;;;;;;;;;
Thlaspi arvense;EB 2-2-3;;;;;;;;;
Tragopodon pratensis;EB 2-2-3;;;;;;;;;
Trifolium dubium;EB 2-2-3;;;;;;2;2;;
Trifolium incarnatum;EB 2-2-3;;;;;;;;;
Trifolium medium;EB 2-2-3;;;;;;;;;
Trifolium pratense;EB 2-2-3;;;;;;;3;1;
Trifolium repens;EB 2-2-3;;;;;;;;;
Trisetum flavescens;EB 2-2-3;;;;;;;;;
Trollius europaeus;EB 2-2-3;;;;;;;;;
Veronica arvensis;EB 2-2-3;;;;;;;;;
Veronica chamaedrys;EB 2-2-3;;;;;;1;1;;
Veronica filiformis;EB 2-2-3;;;;;;;;;
Veronica hederifolia;EB 2-2-3;;;;;;;;;
Veronica persica;EB 2-2-3;;;;;;;;;
Veronica polita;EB 2-2-3;;;;;;;;;
Veronica serpyllifolia;EB 2-2-3;;;;;;;;;
Vicia angustifolia;EB 2-2-3;;;;;;;;;
Vicia cracca;EB 2-2-3;;;;;;;;;
Vicia hirsuta;EB 2-2-3;;;;;;;;;
Vicia sepium;EB 2-2-3;;;;;;;;;
Vicia tetrasperma;EB 2-2-3;;;;;;;;;
Achillea millefolium;EB 2-7-3;;;;;;;;;
Agrostis capillaris;EB 2-7-3;;;;;;;;;
Agrostis gigantea;EB 2-7-3;;;;;;;;;
Agrostis stolonifera;EB 2-7-3;;;;;;;;;
Ajuga reptans;EB 2-7-3;;;;;;;;;
Alchemilla monticula;EB 2-7-3;;;;;;;;;
Alchemilla vulgaris;EB 2-7-3;;;1;3;3;3;7;13;9
Alopecurus pratensis;EB 2-7-3;;;;;;;;;
Anthoxanthum odoratum;EB 2-7-3;;;;;;2;1;;
Arabidopsis thaliana;EB 2-7-3;;;;;;;;;
Arrhenatherum elatius;EB 2-7-3;;;;;;;;;
Bellis perennis;EB 2-7-3;;;;;;;;;
Bistorta officianilis;EB 2-7-3;;;;;;;;;
Briza media;EB 2-7-3;;;;;;;;;
Cardamine amara;EB 2-7-3;;;;;;;;;
Cardamine hirsuta;EB 2-7-3;;;;;;;;;
Carex humilis;EB 2-7-3;;;;;;;;;
Carex montana;EB 2-7-3;;;;;;;;;
Carex spicata cf;EB 2-7-3;;;;;;;;;
Carex sylvatica;EB 2-7-3;;;;;;;;;
Carum carvi;EB 2-7-3;;;;;;;;;
Centaurea jacea;EB 2-7-3;;;;;;;;;
Cerastium holosteoides;EB 2-7-3;;;;;;;;;
Chaerophyllum temulum;EB 2-7-3;;;;;;4;3;2;
Crepis aurea;EB 2-7-3;;;;;;;;;
Crepis biennis;EB 2-7-3;;;;;;;;;
Crocus albiflorus;EB 2-7-3;;;;;;;;;
Cynosurus cristatus;EB 2-7-3;;;;;;;;;
Dactylis glomerata;EB 2-7-3;;;;;;;;;
Daucus carota;EB 2-7-3;;;;;;;;;
Deschampsia flexuosa;EB 2-7-3;;;;;;;;;
Draba verna;EB 2-7-3;;;;;;;;;
Elymus caninus;EB 2-7-3;;;;;;;;;
Elymus repens;EB 2-7-3;;;;;;;;;
Equisetum arvense;EB 2-7-3;;;;;;;;;
Euphrasia stricta;EB 2-7-3;;;;;;;;;
Festuca pratensis;EB 2-7-3;;;;;;;8;7;7
Festuca rubra;EB 2-7-3;;;;;;;;;
Filipendula ulmaria;EB 2-7-3;;;;;;;;;
Galium album;EB 2-7-3;;;;;;;;;
Geranium rotundifolium;EB 2-7-3;;;;;;;;;
Geum rivale;EB 2-7-3;;;;;;;;;
Geum urbanum;EB 2-7-3;;;;;;;;;
Glechoma hederacea;EB 2-7-3;;;;;;;;;
Helictotrichon pubescens;EB 2-7-3;;;;;;;;;
Heracleum sphondylium;EB 2-7-3;;;;;;;;;
Hieracium aurantiacum;EB 2-7-3;;;;;;;;;
Hieracium Macranthum;EB 2-7-3;;;;;;;;;
Hieracium pilosella ;EB 2-7-3;;;;;;;;;
Holcus lanatus;EB 2-7-3;;;;;;;;;
Hypochaeris radicata;EB 2-7-3;;;;;;;;;
Knautia arvensis;EB 2-7-3;;;;;;;;;
Lamium purpureum;EB 2-7-3;;;;;;;;;
Lathyrus pratensis;EB 2-7-3;;;;;;;;;
Leontodon autumnalis;EB 2-7-3;;;;;;;;;
Leontodon helveticus;EB 2-7-3;;;;;;;2;4;6
Leontodon hispidus;EB 2-7-3;;;;;;;;;
Leucanthemum ircutianum;EB 2-7-3;;;;;;;;;
Lolium multiflorum;EB 2-7-3;;;;;;;;;
Lolium perenne;EB 2-7-3;;;;;;;;;
Lotus corniculatus;EB 2-7-3;;;;;;;;;
Luzula campestris;EB 2-7-3;;;;;;;;;
Lychnis flos-cuculi;EB 2-7-3;;;;;;;;;
Myosotis alpestris;EB 2-7-3;;;;;;5;13;7;5
Peucedanum oreoselinum;EB 2-7-3;;;;;;;;;
Phleum pratense;EB 2-7-3;;;;;;;;;
Phleum pratensis;EB 2-7-3;;;;;;;;;
Pilosella aurantiaca;EB 2-7-3;;;;;;;;;
Pilosella piloselloides;EB 2-7-3;;;;;;;;;
Pimpinella major;EB 2-7-3;;;;;;;;;
Pimpinella saxifraga;EB 2-7-3;;;;;;;;;
Plantago lanceolata;EB 2-7-3;;;;;;;;;
Poa angustifolia;EB 2-7-3;;;;;;;;;
Poa pratense;EB 2-7-3;;;;;;;;;
Poa pratensis;EB 2-7-3;;;;;;;2;3;
Poa trivalis ;EB 2-7-3;;;;;;;;;
Poa trivialis;EB 2-7-3;;;;;;;;;2
Primula veris;EB 2-7-3;;;;;;;;;
Prunella vulgaris;EB 2-7-3;;;;;;;;;
Ranunculus acris;EB 2-7-3;;;;;;;;;
Ranunculus bulbosus;EB 2-7-3;;;;;;;;;
Ranunculus ficaria;EB 2-7-3;;;;;;;;;
Ranunculus montanus;EB 2-7-3;;;;;;;;;
Ranunculus repens;EB 2-7-3;;;;;;;;;
Rhinanthus minor;EB 2-7-3;;;;;;;;;
Rumex acetosa;EB 2-7-3;;;;;;;;;
Rumex sanguineus;EB 2-7-3;;;;;;;;;
Silene alba;EB 2-7-3;;;;;;;;;
Silene flos-cuculi;EB 2-7-3;;;;;;;;;
Stellaria media;EB 2-7-3;;;;;;;;;
Taraxacum officinale;EB 2-7-3;;;;;;;;;
Taraxacum sect Ruderalia;EB 2-7-3;;;;;;;;;
Thlaspi arvense;EB 2-7-3;;;;;;;;;
Tragopodon pratensis;EB 2-7-3;;;;;;;;;
Trifolium dubium;EB 2-7-3;;;;;;3;2;;
Trifolium incarnatum;EB 2-7-3;;;;;;;;;
Trifolium medium;EB 2-7-3;;;;;;;;;
Trifolium pratense;EB 2-7-3;;;;;;;;;
Trifolium repens;EB 2-7-3;;;;;;;;;
Trisetum flavescens;EB 2-7-3;;;;;;;;;
Trollius europaeus;EB 2-7-3;;;;;;;;;
Veronica arvensis;EB 2-7-3;;;;;;;;;
Veronica chamaedrys;EB 2-7-3;;;;;1;7;5;;
Veronica filiformis;EB 2-7-3;;;;;;;;;
Veronica hederifolia;EB 2-7-3;;;;;;;;;
Veronica persica;EB 2-7-3;;;;;;;;;
Veronica polita;EB 2-7-3;;;;;;;;;
Veronica serpyllifolia;EB 2-7-3;;;;;;;;;
Vicia angustifolia;EB 2-7-3;;;;;;;;;
Vicia cracca;EB 2-7-3;;;;;;;;;
Vicia hirsuta;EB 2-7-3;;;;;;;;;
Vicia sepium;EB 2-7-3;;;;;;;;;
Vicia tetrasperma;EB 2-7-3;;;;;;;;;
Achillea millefolium;EB 2-2-2;;;;;;;;;
Agrostis capillaris;EB 2-2-2;;;;;;;;11;5
Agrostis gigantea;EB 2-2-2;;;;;;;;;
Agrostis stolonifera;EB 2-2-2;;;;;;;;;
Ajuga reptans;EB 2-2-2;;;;;;;;;
Alchemilla monticula;EB 2-2-2;;;;;;;;;
Alchemilla vulgaris;EB 2-2-2;;;1;2;5;12;9;17;14
Alopecurus pratensis;EB 2-2-2;;;;;;;;;
Anthoxanthum odoratum;EB 2-2-2;;;;1;5;5;3;;
Arabidopsis thaliana;EB 2-2-2;;;;;;;;;
Arrhenatherum elatius;EB 2-2-2;;;;;;;;;
Bellis perennis;EB 2-2-2;;;;1;1;1;1;;
Bistorta officianilis;EB 2-2-2;;;;;;;;;
Briza media;EB 2-2-2;;;;;;;;;
Cardamine amara;EB 2-2-2;;;;;;;;;
Cardamine hirsuta;EB 2-2-2;;;;;;;;;
Carex humilis;EB 2-2-2;;;;;;;;;
Carex montana;EB 2-2-2;;;;;;;;;
Carex spicata cf;EB 2-2-2;;;;;;;;;
Carex sylvatica;EB 2-2-2;;;;;;;;;
Carum carvi;EB 2-2-2;;;;;;;;;
Centaurea jacea;EB 2-2-2;;;;;;;;;
Cerastium holosteoides;EB 2-2-2;;;;;;;;;
Chaerophyllum temulum;EB 2-2-2;;;;;3;3;1;;
Crepis aurea;EB 2-2-2;;;;;;;;;
Crepis biennis;EB 2-2-2;;;;;;;;;
Crocus albiflorus;EB 2-2-2;;;;;;;;;
Cynosurus cristatus;EB 2-2-2;;;;;;2;4;4;4
Dactylis glomerata;EB 2-2-2;;;;;;;;;
Daucus carota;EB 2-2-2;;;;;;;;;
Deschampsia flexuosa;EB 2-2-2;;;;;;;;;
Draba verna;EB 2-2-2;;;;;;;;;
Elymus caninus;EB 2-2-2;;;;;;;;;
Elymus repens;EB 2-2-2;;;;;;;;;2
Equisetum arvense;EB 2-2-2;;;;;;;;;
Euphrasia stricta;EB 2-2-2;;;;;;;;;
Festuca pratensis;EB 2-2-2;;;;;2;;;;
Festuca rubra;EB 2-2-2;;;;;;2;4;5;1
Filipendula ulmaria;EB 2-2-2;;;;;;;;;
Galium album;EB 2-2-2;;;;;;;;;
Geranium rotundifolium;EB 2-2-2;;;;;;;;;
Geum rivale;EB 2-2-2;;;;;;;;;
Geum urbanum;EB 2-2-2;;;;;;;;;
Glechoma hederacea;EB 2-2-2;;;;;;;;;
Helictotrichon pubescens;EB 2-2-2;;;;;;;;;
Heracleum sphondylium;EB 2-2-2;;;;;;;;;
Hieracium aurantiacum;EB 2-2-2;;;;;;;;;
Hieracium Macranthum;EB 2-2-2;;;;;;;;;
Hieracium pilosella ;EB 2-2-2;;;;;;;;;
Holcus lanatus;EB 2-2-2;;;;;;;;;
Hypochaeris radicata;EB 2-2-2;;;;;;;;;
Knautia arvensis;EB 2-2-2;;;;;;;;;
Lamium purpureum;EB 2-2-2;;;;;;;;;
Lathyrus pratensis;EB 2-2-2;;;;;;;;;
Leontodon autumnalis;EB 2-2-2;;;;;;;;;
Leontodon helveticus;EB 2-2-2;;;;;;;;4;
Leontodon hispidus;EB 2-2-2;;;;;;;;;
Leucanthemum ircutianum;EB 2-2-2;;;;;;;;;
Lolium multiflorum;EB 2-2-2;;;;;;;;;
Lolium perenne;EB 2-2-2;;;;;;;;;
Lotus corniculatus;EB 2-2-2;;;;;;;;;
Luzula campestris;EB 2-2-2;;;;;;;;;
Lychnis flos-cuculi;EB 2-2-2;;;;;;;;;
Myosotis alpestris;EB 2-2-2;;;;;8;7;12;6;4
Peucedanum oreoselinum;EB 2-2-2;;;;;;;;;
Phleum pratense;EB 2-2-2;;;;;;;;;
Phleum pratensis;EB 2-2-2;;;;;;;;;
Pilosella aurantiaca;EB 2-2-2;;;;;;;;;
Pilosella piloselloides;EB 2-2-2;;;;;;;;;
Pimpinella major;EB 2-2-2;;;;;;;;;
Pimpinella saxifraga;EB 2-2-2;;;;;;;;;
Plantago lanceolata;EB 2-2-2;;;;;;;;;
Poa angustifolia;EB 2-2-2;;;;;;;;;
Poa pratense;EB 2-2-2;;;;;;;;;
Poa pratensis;EB 2-2-2;;;;;;;;;
Poa trivalis ;EB 2-2-2;;;;;;;;;
Poa trivialis;EB 2-2-2;;;;;;;;;
Primula veris;EB 2-2-2;;;;;;;;;
Prunella vulgaris;EB 2-2-2;;;;;;;;;
Ranunculus aconitifolius;EB 2-2-2;;;;2;4;3;;;
Ranunculus acris;EB 2-2-2;;;;;;;;;
Ranunculus bulbosus;EB 2-2-2;;;;;;;;;
Ranunculus ficaria;EB 2-2-2;;;;;;;;;
Ranunculus montanus;EB 2-2-2;;;;;;;;;
Ranunculus repens;EB 2-2-2;;;;;;;;;
Rhinanthus minor;EB 2-2-2;;;;;;;;;
Rumex acetosa;EB 2-2-2;;;;;;;;1;1
Rumex sanguineus;EB 2-2-2;;;;;;;;;
Silene alba;EB 2-2-2;;;;;;;;;
Silene flos-cuculi;EB 2-2-2;;;;;;;;;
Stellaria media;EB 2-2-2;;;;;;;;;
Taraxacum officinale;EB 2-2-2;;;;;;;;;
Taraxacum sect Ruderalia;EB 2-2-2;;;;;;;;;
Thlaspi arvense;EB 2-2-2;;;;;;;;;
Tragopodon pratensis;EB 2-2-2;;;;;;;;;
Trifolium dubium;EB 2-2-2;;;;;;;;;
Trifolium incarnatum;EB 2-2-2;;;;;;;;;
Trifolium medium;EB 2-2-2;;;;;;;;;
Trifolium pratense;EB 2-2-2;;;;;;;;1;
Trifolium repens;EB 2-2-2;;;;;;;;;
Trisetum flavescens;EB 2-2-2;;;;;;;;;
Trollius europaeus;EB 2-2-2;;;;;;;;;
Veronica arvensis;EB 2-2-2;;;;;;;;;
Veronica chamaedrys;EB 2-2-2;;;;;1;3;;;
Veronica filiformis;EB 2-2-2;;;;;;;;;
Veronica hederifolia;EB 2-2-2;;;;;;;;;
Veronica persica;EB 2-2-2;;;;;;;;;
Veronica polita;EB 2-2-2;;;;;;;;;
Veronica serpyllifolia;EB 2-2-2;;;;;;;;;
Vicia angustifolia;EB 2-2-2;;;;;;;;;
Vicia cracca;EB 2-2-2;;;;;;;;;
Vicia hirsuta;EB 2-2-2;;;;;;;;;
Vicia sepium;EB 2-2-2;;;;;;;;;
Vicia tetrasperma;EB 2-2-2;;;;;;;;;
Achillea millefolium;EB 2-4-4;;;;;;;;;
Agrostis capillaris;EB 2-4-4;;;;;;;2;2;
Agrostis gigantea;EB 2-4-4;;;;;;;;;
Agrostis stolonifera;EB 2-4-4;;;;;;;;;
Ajuga reptans;EB 2-4-4;;;;;;;;;
Alchemilla monticula;EB 2-4-4;;;;;;;;;
Alchemilla vulgaris;EB 2-4-4;;;;5;6;9;15;15;17
Alopecurus pratensis;EB 2-4-4;;;;;;;;;
Anthoxanthum odoratum;EB 2-4-4;;;;1;2;1;;;
Arabidopsis thaliana;EB 2-4-4;;;;;;;;;
Arrhenatherum elatius;EB 2-4-4;;;;;;5;;;
Bellis perennis;EB 2-4-4;;;;;;1;1;;
Bistorta officianilis;EB 2-4-4;;;;;;;;;
Briza media;EB 2-4-4;;;;;;;;;
Cardamine amara;EB 2-4-4;;;;;;;;;
Cardamine hirsuta;EB 2-4-4;;;;;;;;;
Carex humilis;EB 2-4-4;;;;;;;;;
Carex montana;EB 2-4-4;;;;;;;;;
Carex spicata cf;EB 2-4-4;;;;;;;;;
Carex sylvatica;EB 2-4-4;;;;;;;;;
Carum carvi;EB 2-4-4;;;;;;;;;
Centaurea jacea;EB 2-4-4;;;;;;;;;
Cerastium holosteoides;EB 2-4-4;;;;;;;;;
Chaerophyllum temulum;EB 2-4-4;;;;;4;7;3;1;
Crepis aurea;EB 2-4-4;;;;;;;;;
Crepis biennis;EB 2-4-4;;;;;;;;;
Crocus albiflorus;EB 2-4-4;;;;;;;;;
Cynosurus cristatus;EB 2-4-4;;;;;;;1;5;1
Dactylis glomerata;EB 2-4-4;;;;;;;;;
Daucus carota;EB 2-4-4;;;;;;;;;
Deschampsia flexuosa;EB 2-4-4;;;;;;;;;
Draba verna;EB 2-4-4;;;;;;;;;
Elymus caninus;EB 2-4-4;;;;;;;;;
Elymus repens;EB 2-4-4;;;;;;;;;
Equisetum arvense;EB 2-4-4;;;;;;;;;
Euphrasia stricta;EB 2-4-4;;;;;;;;;
Festuca pratensis;EB 2-4-4;;;;;;;;;
Festuca rubra;EB 2-4-4;;;;;;;;;1
Filipendula ulmaria;EB 2-4-4;;;;;;;;;
Galium album;EB 2-4-4;;;;;;;;;
Geranium rotundifolium;EB 2-4-4;;;;;;;;;
Geum rivale;EB 2-4-4;;;;;;;;;
Geum urbanum;EB 2-4-4;;;;;;;;;
Glechoma hederacea;EB 2-4-4;;;;;;;;;
Helictotrichon pubescens;EB 2-4-4;;;;1;6;;4;3;5
Heracleum sphondylium;EB 2-4-4;;;;;;;;;
Hieracium aurantiacum;EB 2-4-4;;;;;;;;;
Hieracium Macranthum;EB 2-4-4;;;;;;;;;
Hieracium pilosella ;EB 2-4-4;;;;;;;;;
Holcus lanatus;EB 2-4-4;;;;;;;;;
Hypochaeris radicata;EB 2-4-4;;;;;;;;;
Knautia arvensis;EB 2-4-4;;;;;;;;;
Lamium purpureum;EB 2-4-4;;;;;;;;;
Lathyrus pratensis;EB 2-4-4;;;;;;;;;
Leontodon autumnalis;EB 2-4-4;;;;;;;;;
Leontodon helveticus;EB 2-4-4;;;;;;;3;4;
Leontodon hispidus;EB 2-4-4;;;;;;;;;
Leucanthemum ircutianum;EB 2-4-4;;;;;;;;;
Lolium multiflorum;EB 2-4-4;;;;;;;;;
Lolium perenne;EB 2-4-4;;;;;;;;;
Lotus corniculatus;EB 2-4-4;;;;;;;;;
Luzula campestris;EB 2-4-4;;;;;;;;;
Lychnis flos-cuculi;EB 2-4-4;;;;;;;;;
Myosotis alpestris;EB 2-4-4;;;;;2;6;13;;5
Peucedanum oreoselinum;EB 2-4-4;;;;;;;;;
Phleum pratense;EB 2-4-4;;;;;;;;;
Phleum pratensis;EB 2-4-4;;;;;;;;;
Pilosella aurantiaca;EB 2-4-4;;;;;;;;;
Pilosella piloselloides;EB 2-4-4;;;;;;;;;
Pimpinella major;EB 2-4-4;;;;;;;;;
Pimpinella saxifraga;EB 2-4-4;;;;;;;;;
Plantago lanceolata;EB 2-4-4;;;;;;;;;
Poa angustifolia;EB 2-4-4;;;;;;;;;
Poa pratense;EB 2-4-4;;;;;;;;;
Poa pratensis;EB 2-4-4;;;;;;;;;
Poa trivalis ;EB 2-4-4;;;;;;;;;
Poa trivialis;EB 2-4-4;;;;;;;2;4;3
Primula veris;EB 2-4-4;;;;;;;;;
Prunella vulgaris;EB 2-4-4;;;;;;;;;
Ranunculus aconitifolius;EB 2-4-4;;;;1;3;2;;;
Ranunculus acris;EB 2-4-4;;;;;;;;;
Ranunculus bulbosus;EB 2-4-4;;;;;;;;;
Ranunculus ficaria;EB 2-4-4;;;;;;;;;
Ranunculus montanus;EB 2-4-4;;;;;;;;;
Ranunculus repens;EB 2-4-4;;;;;;;;;
Rhinanthus minor;EB 2-4-4;;;;;;;3;;
Rumex acetosa;EB 2-4-4;;;;;;;;;
Rumex sanguineus;EB 2-4-4;;;;;;;;;
Silene alba;EB 2-4-4;;;;;;;;;
Silene flos-cuculi;EB 2-4-4;;;;;;;;;
Stellaria media;EB 2-4-4;;;;;;;;;
Taraxacum officinale;EB 2-4-4;;;;;;;;;
Taraxacum sect Ruderalia;EB 2-4-4;;;;;;;;;
Thlaspi arvense;EB 2-4-4;;;;;;;;;
Tragopodon pratensis;EB 2-4-4;;;;;;;;;
Trifolium dubium;EB 2-4-4;;;;;;;;;
Trifolium incarnatum;EB 2-4-4;;;;;;;;;
Trifolium medium;EB 2-4-4;;;;;;;;;
Trifolium pratense;EB 2-4-4;;;;;;;;;
Trifolium repens;EB 2-4-4;;;;;;;;;
Trisetum flavescens;EB 2-4-4;;;;;;;;;
Trollius europaeus;EB 2-4-4;;;;;;;;;
Veronica arvensis;EB 2-4-4;;;;;;;;;
Veronica chamaedrys;EB 2-4-4;;;;;2;10;3;;
Veronica filiformis;EB 2-4-4;;;;;;;;;
Veronica hederifolia;EB 2-4-4;;;;;;;;;
Veronica persica;EB 2-4-4;;;;;;;;;
Veronica polita;EB 2-4-4;;;;;;;;;
Veronica serpyllifolia;EB 2-4-4;;;;;;;;;
Vicia angustifolia;EB 2-4-4;;;;;;;;;
Vicia cracca;EB 2-4-4;;;;;;;;;
Vicia hirsuta;EB 2-4-4;;;;;;;;;
Vicia sepium;EB 2-4-4;;;;;;;4;14;9
Vicia tetrasperma;EB 2-4-4;;;;;;;;;
Achillea millefolium;EB 3-3-3;;;;;;;;;
Agrostis capillaris;EB 3-3-3;;;;;;;;4;4
Agrostis gigantea;EB 3-3-3;;;;;;;;;
Agrostis stolonifera;EB 3-3-3;;;;;;;;;
Ajuga reptans;EB 3-3-3;;;;;;;;;
Alchemilla monticula;EB 3-3-3;;;;;;;;;
Alchemilla vulgaris;EB 3-3-3;;;;4;6;7;9;4;7
Alopecurus pratensis;EB 3-3-3;;;;;;;;;
Anthoxanthum odoratum;EB 3-3-3;;;;4;11;11;18;5;5
Arabidopsis thaliana;EB 3-3-3;;;;;;;;;
Arrhenatherum elatius;EB 3-3-3;;;;;;;;;
Bellis perennis;EB 3-3-3;;;;;;;;;
Bistorta officianilis;EB 3-3-3;;;;;;;;;
Briza media;EB 3-3-3;;;;;;;;;
Cardamine amara;EB 3-3-3;;;;;;;;;
Cardamine hirsuta;EB 3-3-3;;;;;;;;;
Carex humilis;EB 3-3-3;;;;;;;;;
Carex montana;EB 3-3-3;;;;;;;;;
Carex spicata cf;EB 3-3-3;;;;;;;;;
Carex sylvatica;EB 3-3-3;;;;;;;;;
Carum carvi;EB 3-3-3;;;;;;;;;
Centaurea jacea;EB 3-3-3;;;;;;;;;
Cerastium holosteoides;EB 3-3-3;;;;;;;;;
Chaerophyllum temulum;EB 3-3-3;;;;;;;;;
Crepis aurea;EB 3-3-3;;;;;;;;;
Crepis biennis;EB 3-3-3;;;;;;;;;
Crocus albiflorus;EB 3-3-3;;;;;;;;;
Cynosurus cristatus;EB 3-3-3;;;;;;;;;
Dactylis glomerata;EB 3-3-3;;;;;;;;;
Daucus carota;EB 3-3-3;;;;;;;;;
Deschampsia flexuosa;EB 3-3-3;;;;;;;;;
Draba verna;EB 3-3-3;;;;;;;;;
Elymus caninus;EB 3-3-3;;;;;;;;;
Elymus repens;EB 3-3-3;;;;;;;;;
Equisetum arvense;EB 3-3-3;;;;;;;;;
Euphrasia stricta;EB 3-3-3;;;;;;;;;
Festuca pratensis;EB 3-3-3;;;;;;;;2;1
Festuca rubra;EB 3-3-3;;;;;;;;;
Filipendula ulmaria;EB 3-3-3;;;;;;;;;
Galium album;EB 3-3-3;;;;;;;;;
Geranium rotundifolium;EB 3-3-3;;;;;;;;;
Geum rivale;EB 3-3-3;;;;;;;;;
Geum urbanum;EB 3-3-3;;;;;;;;;
Glechoma hederacea;EB 3-3-3;;;;;;;;;
Helictotrichon pubescens;EB 3-3-3;;;;;;;;1;
Heracleum sphondylium;EB 3-3-3;;;;;;;;;
Hieracium aurantiacum;EB 3-3-3;;;;;;;;;
Hieracium Macranthum;EB 3-3-3;;;;;;;;;
Hieracium pilosella ;EB 3-3-3;;;;;;;;;
Holcus lanatus;EB 3-3-3;;;;;;;;;
Hypochaeris radicata;EB 3-3-3;;;;;;;;;
Knautia arvensis;EB 3-3-3;;;;;;;;;
Lamium purpureum;EB 3-3-3;;;;;;;;;
Lathyrus pratensis;EB 3-3-3;;;;;;;;;
Leontodon autumnalis;EB 3-3-3;;;;;;;;;
Leontodon helveticus;EB 3-3-3;;;;;;;;3;1
Leontodon hispidus;EB 3-3-3;;;;;;;;;
Leucanthemum ircutianum;EB 3-3-3;;;;;;;;;
Lolium multiflorum;EB 3-3-3;;;;;;;;;
Lolium perenne;EB 3-3-3;;;;;;;;;
Lotus corniculatus;EB 3-3-3;;;;;;;;;
Luzula campestris;EB 3-3-3;;;;;;;;;
Lychnis flos-cuculi;EB 3-3-3;;;;;;;;;
Myosotis alpestris;EB 3-3-3;;;;;5;16;12;14;7
Peucedanum oreoselinum;EB 3-3-3;;;;;;;;;
Phleum pratense;EB 3-3-3;;;;;;;;;
Phleum pratensis;EB 3-3-3;;;;;;;;;
Pilosella aurantiaca;EB 3-3-3;;;;;;;;;
Pilosella piloselloides;EB 3-3-3;;;;;;;;;
Pimpinella major;EB 3-3-3;;;;;;;;;
Pimpinella saxifraga;EB 3-3-3;;;;;;;;;
Plantago lanceolata;EB 3-3-3;;;;;;;;;
Poa angustifolia;EB 3-3-3;;;;;;;;;
Poa pratense;EB 3-3-3;;;;;;;;;
Poa pratensis;EB 3-3-3;;;;;;;;;
Poa trivalis ;EB 3-3-3;;;;;;;;;
Poa trivialis;EB 3-3-3;;;;;;;;1;
Primula veris;EB 3-3-3;;;;;;;;;
Prunella vulgaris;EB 3-3-3;;;;;;;;;
Ranunculus acris;EB 3-3-3;;;;;;;;;
Ranunculus bulbosus;EB 3-3-3;;;;;;;;;
Ranunculus ficaria;EB 3-3-3;;;;;;;;;
Ranunculus montanus;EB 3-3-3;;;;;;;;;
Ranunculus repens;EB 3-3-3;;;;;;;;;
Rhinanthus minor;EB 3-3-3;;;;;7;12;;;
Rhinanthus serotinus;EB 3-3-3;;;;;;;6;;
Rumex acetosa;EB 3-3-3;;;;;;;;;
Rumex sanguineus;EB 3-3-3;;;;;;;;;
Silene alba;EB 3-3-3;;;;;;;;;
Silene flos-cuculi;EB 3-3-3;;;;;;;6;4;
Stellaria media;EB 3-3-3;;;;;;;;;
Taraxacum officinale;EB 3-3-3;;;;;;;;;
Taraxacum sect Ruderalia;EB 3-3-3;;;;;;;;;
Thlaspi arvense;EB 3-3-3;;;;;;;;;
Tragopodon pratensis;EB 3-3-3;;;;;;;;;
Trifolium dubium;EB 3-3-3;;;;;;;;;
Trifolium incarnatum;EB 3-3-3;;;;;;;;;
Trifolium medium;EB 3-3-3;;;;;;;;;
Trifolium pratense;EB 3-3-3;;;;;;;;;
Trifolium repens;EB 3-3-3;;;;;;;;;
Trisetum flavescens;EB 3-3-3;;;;;;4;;;4
Trollius europaeus;EB 3-3-3;;;;;;;;;
Veronica arvensis;EB 3-3-3;;;;;;;;;
Veronica chamaedrys;EB 3-3-3;;;;;;4;;;
Veronica filiformis;EB 3-3-3;;;;;;;;;
Veronica hederifolia;EB 3-3-3;;;;;;;;;
Veronica persica;EB 3-3-3;;;;;;;;;
Veronica polita;EB 3-3-3;;;;;;;;;
Veronica serpyllifolia;EB 3-3-3;;;;;;;;;
Vicia angustifolia;EB 3-3-3;;;;;;;;;
Vicia cracca;EB 3-3-3;;;;;;;;;
Vicia hirsuta;EB 3-3-3;;;;;;;;;
Vicia sepium;EB 3-3-3;;;;;;;;;
Vicia tetrasperma;EB 3-3-3;;;;;;;;;
Achillea millefolium;EB 3-3-2;;;;;;;;;
Agrostis capillaris;EB 3-3-2;;;;;;;;6;14
Agrostis gigantea;EB 3-3-2;;;;;;;;;
Agrostis stolonifera;EB 3-3-2;;;;;;;;;
Ajuga reptans;EB 3-3-2;;;;;;;;;
Alchemilla monticula;EB 3-3-2;;;;;;;;;
Alchemilla vulgaris;EB 3-3-2;;;;2;4;6;3;3;11
Alopecurus pratensis;EB 3-3-2;;;;;;;;;
Anthoxanthum odoratum;EB 3-3-2;;;;2;4;3;3;1;
Arabidopsis thaliana;EB 3-3-2;;;;;;;;;
Arrhenatherum elatius;EB 3-3-2;;;;;;;;;
Bellis perennis;EB 3-3-2;;;;;;;;;
Bistorta officianilis;EB 3-3-2;;;;;;;;;
Briza media;EB 3-3-2;;;;;;;;;
Cardamine amara;EB 3-3-2;;;;;;;;;
Cardamine hirsuta;EB 3-3-2;;;;;;;;;
Carex humilis;EB 3-3-2;;;;;;;;;
Carex montana;EB 3-3-2;;;;;;;;;
Carex spicata cf;EB 3-3-2;;;;;;;;;
Carex sylvatica;EB 3-3-2;;;;;;;;;
Carum carvi;EB 3-3-2;;;;;;;;;
Centaurea jacea;EB 3-3-2;;;;;;;;;
Cerastium holosteoides;EB 3-3-2;;;;;;;;;
Chaerophyllum temulum;EB 3-3-2;;;;;;;;;
Crepis aurea;EB 3-3-2;;;;;;;;;
Crepis biennis;EB 3-3-2;;;;;;;;;
Crocus albiflorus;EB 3-3-2;;;;;;;;;
Cynosurus cristatus;EB 3-3-2;;;;;;;;;
Dactylis glomerata;EB 3-3-2;;;;;;;;;
Daucus carota;EB 3-3-2;;;;;;;;;
Deschampsia flexuosa;EB 3-3-2;;;;;;;;;
Draba verna;EB 3-3-2;;;;;;;;;
Elymus caninus;EB 3-3-2;;;;;;;;;
Elymus repens;EB 3-3-2;;;;;;;;;
Equisetum arvense;EB 3-3-2;;;;;;;;;
Euphrasia stricta;EB 3-3-2;;;;;;;;;
Festuca pratensis;EB 3-3-2;;;;;;;2;5;5
Festuca rubra;EB 3-3-2;;;;;;;;;
Filipendula ulmaria;EB 3-3-2;;;;;;;;;
Galium album;EB 3-3-2;;;;;;;;;
Geranium rotundifolium;EB 3-3-2;;;;;;;;;
Geum rivale;EB 3-3-2;;;;;;;;;
Geum urbanum;EB 3-3-2;;;;;;;;;
Glechoma hederacea;EB 3-3-2;;;;;;;;;
Helictotrichon pubescens;EB 3-3-2;;;;;;;;;
Heracleum sphondylium;EB 3-3-2;;;;;;;;;
Hieracium aurantiacum;EB 3-3-2;;;;;;;;;
Hieracium Macranthum;EB 3-3-2;;;;;;;;;
Hieracium pilosella ;EB 3-3-2;;;;;;;;;
Holcus lanatus;EB 3-3-2;;;;;;;;;
Hypochaeris radicata;EB 3-3-2;;;;;;;;;
Knautia arvensis;EB 3-3-2;;;;;;;;;
Lamium purpureum;EB 3-3-2;;;;;;;;;
Lathyrus pratensis;EB 3-3-2;;;;;;;;;
Leontodon autumnalis;EB 3-3-2;;;;;;;;;
Leontodon helveticus;EB 3-3-2;;;;;;;;;
Leontodon hispidus;EB 3-3-2;;;;;;;;;
Leucanthemum ircutianum;EB 3-3-2;;;;;;;;;
Lolium multiflorum;EB 3-3-2;;;;;;;;;
Lolium perenne;EB 3-3-2;;;;;;;;;
Lotus corniculatus;EB 3-3-2;;;;;;;;;
Luzula campestris;EB 3-3-2;;;;;;;;;
Lychnis flos-cuculi;EB 3-3-2;;;;;;;;;
Myosotis alpestris;EB 3-3-2;;;;;4;9;11;7;4
Peucedanum oreoselinum;EB 3-3-2;;;;;;;;;
Phleum pratense;EB 3-3-2;;;;;;;;;
Phleum pratensis;EB 3-3-2;;;;;;;;;
Pilosella aurantiaca;EB 3-3-2;;;;;;;;;
Pilosella piloselloides;EB 3-3-2;;;;;;;;;
Pimpinella major;EB 3-3-2;;;;;;;;;
Pimpinella saxifraga;EB 3-3-2;;;;;;;;;
Plantago lanceolata;EB 3-3-2;;;;;;;;;
Poa angustifolia;EB 3-3-2;;;;;;;;;
Poa pratense;EB 3-3-2;;;;;;;;;
Poa pratensis;EB 3-3-2;;;;;;;;;
Poa trivalis ;EB 3-3-2;;;;;;;;;
Poa trivialis;EB 3-3-2;;;;;;;;;14
Primula veris;EB 3-3-2;;;;;;;;;
Prunella vulgaris;EB 3-3-2;;;;;;;;;
Ranunculus acris;EB 3-3-2;;;;;;;;;
Ranunculus bulbosus;EB 3-3-2;;;;;;;;;
Ranunculus ficaria;EB 3-3-2;;;;;;;;;
Ranunculus montanus;EB 3-3-2;;;;;;;;;
Ranunculus repens;EB 3-3-2;;;;;;;;;
Rhinanthus minor;EB 3-3-2;;;;;;7;4;3;11
Rumex acetosa;EB 3-3-2;;;;;;;;;
Rumex sanguineus;EB 3-3-2;;;;;;;;;
Silene alba;EB 3-3-2;;;;;;;;;
Silene flos-cuculi;EB 3-3-2;;;;;;;;;
Stellaria media;EB 3-3-2;;;;;;;;;
Taraxacum officinale;EB 3-3-2;;;;;;;;;
Taraxacum sect Ruderalia;EB 3-3-2;;;;;;;;;
Thlaspi arvense;EB 3-3-2;;;;;;;;;
Tragopodon pratensis;EB 3-3-2;;;;;;;;;
Trifolium dubium;EB 3-3-2;;;;;;;;;
Trifolium incarnatum;EB 3-3-2;;;;;;;;;
Trifolium medium;EB 3-3-2;;;;;;;;;
Trifolium pratense;EB 3-3-2;;;;;;3;3;1;
Trifolium repens;EB 3-3-2;;;;;;;;;
Trisetum flavescens;EB 3-3-2;;;;;;;3;2;
Trollius europaeus;EB 3-3-2;;;;;;;;;
Veronica arvensis;EB 3-3-2;;;;;;;;;
Veronica chamaedrys;EB 3-3-2;;;;;3;9;3;;
Veronica filiformis;EB 3-3-2;;;;;;;;;
Veronica hederifolia;EB 3-3-2;;;;;;;;;
Veronica persica;EB 3-3-2;;;;;;;;;
Veronica polita;EB 3-3-2;;;;;;;;;
Veronica serpyllifolia;EB 3-3-2;;;;;;;;;
Vicia angustifolia;EB 3-3-2;;;;;;;;;
Vicia cracca;EB 3-3-2;;;;;;;;;
Vicia hirsuta;EB 3-3-2;;;;;;;;;
Vicia sepium;EB 3-3-2;;;;;;;;;
Vicia tetrasperma;EB 3-3-2;;;;;;;;;
Achillea millefolium;EB 3-6-2;;;;;;;;;
Agrostis capillaris;EB 3-6-2;;;;;;;;8;8
Agrostis gigantea;EB 3-6-2;;;;;;;;;
Agrostis stolonifera;EB 3-6-2;;;;;;;;;
Ajuga reptans;EB 3-6-2;;;;;;;;;
Alchemilla monticula;EB 3-6-2;;;;;;;;;
Alchemilla vulgaris;EB 3-6-2;;;;2;5;9;12;11;7
Alopecurus pratensis;EB 3-6-2;;;;;;;;;
Anthoxanthum odoratum;EB 3-6-2;;;;;3;3;5;3;
Arabidopsis thaliana;EB 3-6-2;;;;;;;;;
Arrhenatherum elatius;EB 3-6-2;;;;;;;;;
Bellis perennis;EB 3-6-2;;;;;;;;;
Bistorta officianilis;EB 3-6-2;;;;;;;;;
Briza media;EB 3-6-2;;;;;;;;;
Cardamine amara;EB 3-6-2;;;;;;;;;
Cardamine hirsuta;EB 3-6-2;;;;;;;;;
Carex humilis;EB 3-6-2;;;;;;;;;
Carex montana;EB 3-6-2;;;;;;;;;
Carex spicata cf;EB 3-6-2;;;;;;;;;
Carex sylvatica;EB 3-6-2;;;;;;;;;
Carum carvi;EB 3-6-2;;;;;;;;;
Centaurea jacea;EB 3-6-2;;;;;;;;;
Cerastium holosteoides;EB 3-6-2;;;;;;;;;
Chaerophyllum temulum;EB 3-6-2;;;;;;;;;
Crepis aurea;EB 3-6-2;;;;;;;;;
Crepis biennis;EB 3-6-2;;;;;;;;;
Crocus albiflorus;EB 3-6-2;;;;;;;;;
Cynosurus cristatus;EB 3-6-2;;;;;;;2;3;
Dactylis glomerata;EB 3-6-2;;;;;;;;;
Daucus carota;EB 3-6-2;;;;;;;;;
Deschampsia flexuosa;EB 3-6-2;;;;;;;;;
Draba verna;EB 3-6-2;;;;;;;;;
Elymus caninus;EB 3-6-2;;;;;;;;;
Elymus repens;EB 3-6-2;;;;;;;;;2
Equisetum arvense;EB 3-6-2;;;;;;;;;
Euphrasia stricta;EB 3-6-2;;;;;;;;;
Festuca pratensis;EB 3-6-2;;;;;;;;1;
Festuca rubra;EB 3-6-2;;;;;;1;;1;
Filipendula ulmaria;EB 3-6-2;;;;;;;;;
Galium album;EB 3-6-2;;;;;;;;;
Geranium rotundifolium;EB 3-6-2;;;;;;;;;
Geum rivale;EB 3-6-2;;;;;;;;;
Geum urbanum;EB 3-6-2;;;;;;;;;
Glechoma hederacea;EB 3-6-2;;;;;;;;;
Helictotrichon pubescens;EB 3-6-2;;;;;;;;;
Heracleum sphondylium;EB 3-6-2;;;;;;;;;
Hieracium aurantiacum;EB 3-6-2;;;;;;;;;
Hieracium Macranthum;EB 3-6-2;;;;;;;;;
Hieracium pilosella ;EB 3-6-2;;;;;;;;;
Holcus lanatus;EB 3-6-2;;;;;;;;;
Hypochaeris radicata;EB 3-6-2;;;;;;;;;
Knautia arvensis;EB 3-6-2;;;;;;;;;
Lamium purpureum;EB 3-6-2;;;;;;;;;
Lathyrus pratensis;EB 3-6-2;;;;;;;;;
Leontodon autumnalis;EB 3-6-2;;;;;;;;;
Leontodon helveticus;EB 3-6-2;;;;;;;2;4;5
Leontodon hispidus;EB 3-6-2;;;;;;;;;
Leucanthemum ircutianum;EB 3-6-2;;;;;;;;;
Lolium multiflorum;EB 3-6-2;;;;;;;;;
Lolium perenne;EB 3-6-2;;;;;;;;;
Lotus corniculatus;EB 3-6-2;;;;;;;;;
Luzula campestris;EB 3-6-2;;;;;;;;;
Lychnis flos-cuculi;EB 3-6-2;;;;;;;;;
Myosotis alpestris;EB 3-6-2;;;;;3;5;7;13;
Peucedanum oreoselinum;EB 3-6-2;;;;;;;;;
Phleum pratense;EB 3-6-2;;;;;;;;;
Phleum pratensis;EB 3-6-2;;;;;;;;;
Pilosella aurantiaca;EB 3-6-2;;;;;;;;;
Pilosella piloselloides;EB 3-6-2;;;;;;;;;
Pimpinella major;EB 3-6-2;;;;;;;;;
Pimpinella saxifraga;EB 3-6-2;;;;;;;;;
Plantago lanceolata;EB 3-6-2;;;;;;;;;
Poa angustifolia;EB 3-6-2;;;;;;;;;
Poa pratense;EB 3-6-2;;;;;;;;;
Poa pratensis;EB 3-6-2;;;;;;;;;
Poa trivalis ;EB 3-6-2;;;;;;;;;
Poa trivialis;EB 3-6-2;;;;;;;;;
Primula veris;EB 3-6-2;;;;;;;;;
Prunella vulgaris;EB 3-6-2;;;;;;;;;
Ranunculus acris;EB 3-6-2;;;4;4;;;;;
Ranunculus bulbosus;EB 3-6-2;;;;;;;;;
Ranunculus ficaria;EB 3-6-2;;;;;;;;;
Ranunculus montanus;EB 3-6-2;;;;;;;;;
Ranunculus repens;EB 3-6-2;;;;;;;;;
Rhinanthus minor;EB 3-6-2;;;;;;;;;
Rhinanthus serotinus;EB 3-6-2;;;;;1;6;9;;
Rumex acetosa;EB 3-6-2;;;;;;;1;2;
Rumex sanguineus;EB 3-6-2;;;;;;;;;
Silene alba;EB 3-6-2;;;;;;;;;
Silene flos-cuculi;EB 3-6-2;;;;;;;;;
Stellaria media;EB 3-6-2;;;;;;;;;
Taraxacum officinale;EB 3-6-2;;;;;;;;;
Taraxacum sect Ruderalia;EB 3-6-2;;;;;;;;;
Thlaspi arvense;EB 3-6-2;;;;;;;;;
Tragopodon pratensis;EB 3-6-2;;;;;;;;;
Trifolium dubium;EB 3-6-2;;;;;;;;;
Trifolium incarnatum;EB 3-6-2;;;;;;;;;
Trifolium medium;EB 3-6-2;;;;;;;;;
Trifolium pratense;EB 3-6-2;;;;;;;1;;
Trifolium repens;EB 3-6-2;;;;;;;;;
Trisetum flavescens;EB 3-6-2;;;;;;4;10;2;5
Trollius europaeus;EB 3-6-2;;;;;;;;;
Veronica arvensis;EB 3-6-2;;;;;;;;;
Veronica chamaedrys;EB 3-6-2;;;;;;4;;;
Veronica filiformis;EB 3-6-2;;;;;;;;;
Veronica hederifolia;EB 3-6-2;;;;;;;;;
Veronica persica;EB 3-6-2;;;;;;;;;
Veronica polita;EB 3-6-2;;;;;;;;;
Veronica serpyllifolia;EB 3-6-2;;;;;;;;;
Vicia angustifolia;EB 3-6-2;;;;;;;;;
Vicia cracca;EB 3-6-2;;;;;;;;;
Vicia hirsuta;EB 3-6-2;;;;;;;;;
Vicia sepium;EB 3-6-2;;;;;;;;;
Vicia tetrasperma;EB 3-6-2;;;;;;;;;